departamento_id,departamento_nombre,provincia_id,provincia_nombre,año,semanas_epidemiologicas,evento_nombre,grupo_edad_id,grupo_edad_desc,cantidad_casos
42,GENERAL SAN MART?N,6,Córdoba,2020,47,3,2,5 a 9,7178
42,GENERAL SAN MART?N,6,Córdoba,2020,47,3,4,25 a 34,12152
70,LA PAZ,8,Entre Ríos,2020,28,3,1,12 a 23 m,4700
70,LA PAZ,8,Entre Ríos,2020,28,3,2,2 a 4,11102
70,LA PAZ,8,Entre Ríos,2020,28,3,4,35 a 44,13842
28,CAPITAL,14,Misiones,2021,9,3,1,6 a 11 m,698
28,CAPITAL,14,Misiones,2021,9,3,2,2 a 4,1988
28,CAPITAL,14,Misiones,2021,9,3,3,15 a 19,1670
14,BERMEJO,4,Chaco,2020,5,3,2,2 a 4,14808
14,BERMEJO,4,Chaco,2020,5,3,4,45 a 64,14606
182,UNI?N,6,Córdoba,2020,6,3,1,< 6 m,2914
182,UNI?N,6,Córdoba,2020,6,3,3,15 a 19,4836
42,JUAN BAUTISTA ALBERDI,24,Tucumán,2021,8,3,3,20 a 24,372
42,JUAN BAUTISTA ALBERDI,24,Tucumán,2021,8,3,4,25 a 34,704
35,CURUZ? CUATI?,7,Corrientes,2021,10,3,1,12 a 23 m,586
35,CURUZ? CUATI?,7,Corrientes,2021,10,3,2,5 a 9,1298
35,CURUZ? CUATI?,7,Corrientes,2021,10,3,3,15 a 19,604
35,CURUZ? CUATI?,7,Corrientes,2021,10,3,4,25 a 34,1048
35,CURUZ? CUATI?,7,Corrientes,2021,10,3,5,>= a 75,232
105,SARMIENTO,18,San Juan,2020,4,2,1,12 a 23 m,2724
14,USHUAIA,23,Tierra del Fuego,2020,8,3,2,5 a 9,178
14,USHUAIA,23,Tierra del Fuego,2020,8,3,4,25 a 34,534
42,GOBERNADOR DUPUY,19,San Luis,2020,7,2,1,6 a 11 m,910
42,GOBERNADOR DUPUY,19,San Luis,2020,7,3,1,12 a 23 m,338
42,GOBERNADOR DUPUY,19,San Luis,2020,7,3,4,25 a 34,2304
42,GOBERNADOR DUPUY,19,San Luis,2020,7,3,5,>= a 75,272
21,DR. MANUEL BELGRANO,10,Jujuy,2020,7,2,1,12 a 23 m,2016
63,LIBERTADOR GENERAL SAN MART?N,19,San Luis,2020,4,1,4,45 a 64,1094
7,R?O GRANDE,23,Tierra del Fuego,2020,47,1,5,65 a 74,70
14,A?ELO,15,Neuquén,2020,53,3,2,2 a 4,358
14,A?ELO,15,Neuquén,2020,53,3,4,25 a 34,3576
70,LA PAZ,8,Entre Ríos,2021,4,3,3,15 a 19,520
70,LA PAZ,8,Entre Ríos,2021,5,3,2,5 a 9,1006
14,AVELLANEDA,16,Río Negro,2021,5,3,3,20 a 24,950
14,AVELLANEDA,16,Río Negro,2021,5,3,4,25 a 34,2444
882,Z?RATE,1,Buenos Aires,2021,10,3,1,12 a 23 m,2892
882,Z?RATE,1,Buenos Aires,2021,10,3,4,45 a 64,6858
882,Z?RATE,1,Buenos Aires,2021,10,3,5,65 a 74,1302
14,BELGRANO,19,San Luis,2021,9,3,1,12 a 23 m,70
63,RAM?N LISTA,9,Formosa,2020,2,3,2,10 a 14,10990
63,RAM?N LISTA,9,Formosa,2020,2,3,3,15 a 19,3908
63,RAM?N LISTA,9,Formosa,2020,2,3,4,25 a 34,6178
63,RAM?N LISTA,9,Formosa,2020,2,2,1,< 6 m,1960
21,CAPITAL,7,Corrientes,2020,6,3,3,20 a 24,7984
392,GENERAL VILLEGAS,1,Buenos Aires,2020,2,3,2,2 a 4,39784
392,GENERAL VILLEGAS,1,Buenos Aires,2020,2,3,4,25 a 34,53092
14,ALBERDI,22,Santiago del Estero,2020,6,1,4,45 a 64,952
14,ALBERDI,22,Santiago del Estero,2020,6,3,2,5 a 9,1956
28,CAPITAL,17,Salta,2020,7,2,1,12 a 23 m,6098
28,CAPITAL,17,Salta,2020,7,3,4,35 a 44,9780
14,AVELLANEDA,16,Río Negro,2020,7,1,4,45 a 64,1716
760,SAN MIGUEL,1,Buenos Aires,2020,6,2,1,12 a 23 m,15950
91,SAN MART?N,18,San Juan,2020,53,3,1,12 a 23 m,1296
91,SAN MART?N,18,San Juan,2020,53,3,2,2 a 4,3390
28,ALMIRANTE BROWN,1,Buenos Aires,2021,1,3,2,10 a 14,6700
140,SAN FERNANDO,4,Chaco,2020,50,3,1,12 a 23 m,7412
147,SAN MART?N,7,Corrientes,2020,51,3,2,2 a 4,14360
147,SAN MART?N,7,Corrientes,2020,51,3,4,25 a 34,12954
147,SAN MART?N,7,Corrientes,2020,51,3,5,65 a 74,3124
5,COMUNA 5,2,CABA,2020,52,3,3,15 a 19,1810
5,COMUNA 5,2,CABA,2020,52,3,4,35 a 44,8120
5,COMUNA 5,2,CABA,2020,52,1,4,35 a 44,882
441,LA PLATA,1,Buenos Aires,2020,52,3,3,15 a 19,21542
441,LA PLATA,1,Buenos Aires,2020,52,1,4,45 a 64,5700
28,CAPITAL,14,Misiones,2020,6,3,1,12 a 23 m,7296
28,CAPITAL,14,Misiones,2020,6,3,2,2 a 4,17726
392,GENERAL VILLEGAS,1,Buenos Aires,2020,49,3,5,>= a 75,11340
28,CHACABUCO,4,Chaco,2020,52,3,3,15 a 19,8830
14,AVELLANEDA,16,Río Negro,2021,4,3,2,5 a 9,1006
14,GENERAL ALVEAR,13,Mendoza,2021,3,3,4,45 a 64,998
14,CAPITAL,12,La Rioja,2021,5,3,1,< 6 m,620
14,CAPITAL,12,La Rioja,2021,5,3,2,2 a 4,1754
70,MONTEROS,24,Tucumán,2020,7,3,2,10 a 14,7252
70,MONTEROS,24,Tucumán,2020,7,3,4,25 a 34,9782
70,MONTEROS,24,Tucumán,2020,7,3,5,65 a 74,1136
42,CHILECITO,12,La Rioja,2020,7,2,1,< 6 m,1716
42,CHILECITO,12,La Rioja,2020,7,1,4,25 a 34,942
42,CHILECITO,12,La Rioja,2020,7,1,5,>= a 75,458
42,CHILECITO,12,La Rioja,2020,7,3,1,12 a 23 m,4362
63,SAN PEDRO,10,Jujuy,2020,4,1,3,20 a 24,100
63,SAN PEDRO,10,Jujuy,2020,4,1,5,65 a 74,640
63,SAN PEDRO,10,Jujuy,2020,4,3,1,6 a 11 m,5072
63,SAN PEDRO,10,Jujuy,2020,4,3,2,5 a 9,12092
63,SAN PEDRO,10,Jujuy,2020,4,3,3,20 a 24,6218
63,SAN PEDRO,10,Jujuy,2020,4,3,4,25 a 34,16412
28,CAPITAL,14,Misiones,2020,53,2,1,6 a 11 m,1494
42,GENERAL ROCA,16,Río Negro,2020,51,3,2,10 a 14,6540
42,GENERAL ROCA,16,Río Negro,2020,51,3,3,15 a 19,6994
28,LAGO ARGENTINO,20,Santa Cruz,2020,51,3,1,< 6 m,528
28,LAGO ARGENTINO,20,Santa Cruz,2020,51,3,2,2 a 4,1376
28,LAGO ARGENTINO,20,Santa Cruz,2020,51,3,3,15 a 19,920
28,LAGO ARGENTINO,20,Santa Cruz,2020,51,3,4,25 a 34,3822
49,AZUL,1,Buenos Aires,2021,5,1,3,20 a 24,100
49,AZUL,1,Buenos Aires,2021,5,1,5,65 a 74,460
84,CAPITAL,24,Tucumán,2021,10,3,2,5 a 9,1028
147,SANTA MAR?A,6,Córdoba,2021,4,3,2,10 a 14,906
147,SANTA MAR?A,6,Córdoba,2021,4,3,3,15 a 19,952
147,SANTA MAR?A,6,Córdoba,2021,4,3,4,25 a 34,2778
147,SANTA MAR?A,6,Córdoba,2021,4,1,4,25 a 34,298
147,SANTA MAR?A,6,Córdoba,2021,4,1,5,65 a 74,86
91,25 DE MAYO,16,Río Negro,2020,4,3,1,6 a 11 m,1856
91,25 DE MAYO,16,Río Negro,2020,4,3,4,25 a 34,17134
91,25 DE MAYO,16,Río Negro,2020,4,3,5,65 a 74,4030
42,CHILECITO,12,La Rioja,2020,7,3,2,2 a 4,10884
42,CHILECITO,12,La Rioja,2020,7,3,3,15 a 19,4782
42,CHILECITO,12,La Rioja,2020,7,3,4,25 a 34,10250
42,CHILECITO,12,La Rioja,2020,7,3,5,65 a 74,2038
21,CASTELLANOS,21,Santa Fe,2020,10,2,1,6 a 11 m,1372
105,SAN RAFAEL,13,Mendoza,2021,7,3,2,5 a 9,372
63,PICHI MAHUIDA,16,Río Negro,2020,8,2,1,< 6 m,2090
21,DR. MANUEL BELGRANO,10,Jujuy,2020,5,1,4,35 a 44,836
21,DR. MANUEL BELGRANO,10,Jujuy,2020,5,3,5,65 a 74,2486
91,SAN CARLOS,13,Mendoza,2020,1,1,5,65 a 74,1236
91,SAN CARLOS,13,Mendoza,2020,1,3,2,5 a 9,2294
91,SAN CARLOS,13,Mendoza,2020,1,3,4,45 a 64,8628
35,JUN?N,13,Mendoza,2020,51,3,1,12 a 23 m,866
35,JUN?N,13,Mendoza,2020,51,3,3,20 a 24,2678
609,PEHUAJ?,1,Buenos Aires,2021,6,3,3,15 a 19,3172
28,CAPITAL,14,Misiones,2021,9,3,4,25 a 34,3726
28,CAPITAL,14,Misiones,2021,9,3,5,65 a 74,736
49,LAS HERAS,13,Mendoza,2020,44,3,5,65 a 74,928
49,LAS HERAS,13,Mendoza,2020,44,1,4,45 a 64,2310
140,SAN FERNANDO,4,Chaco,2020,7,1,1,12 a 23 m,546
140,SAN FERNANDO,4,Chaco,2020,7,1,2,10 a 14,1158
28,CAPITAL,17,Salta,2020,52,3,3,20 a 24,5436
28,LAGO ARGENTINO,20,Santa Cruz,2021,1,3,1,< 6 m,42
28,LAGO ARGENTINO,20,Santa Cruz,2021,1,3,2,2 a 4,176
28,LAGO ARGENTINO,20,Santa Cruz,2021,1,3,3,15 a 19,140
28,LAGO ARGENTINO,20,Santa Cruz,2021,1,3,4,25 a 34,474
28,LAGO ARGENTINO,20,Santa Cruz,2021,1,3,5,65 a 74,64
28,LAGO ARGENTINO,20,Santa Cruz,2021,1,1,1,6 a 11 m,10
14,USHUAIA,23,Tierra del Fuego,2020,7,1,2,2 a 4,110
14,BERMEJO,4,Chaco,2020,7,3,5,65 a 74,2512
49,CAPITAL,3,Catamarca,2020,2,3,1,12 a 23 m,4264
49,CAPITAL,3,Catamarca,2020,2,3,2,2 a 4,12520
49,CAPITAL,3,Catamarca,2020,2,3,4,35 a 44,9538
28,LAGO ARGENTINO,20,Santa Cruz,2021,1,1,2,2 a 4,34
84,LIBERTADOR GENERAL SAN MART?N,4,Chaco,2020,48,1,5,>= a 75,356
21,LAISHI,9,Formosa,2020,42,3,1,6 a 11 m,5760
84,LIBERTADOR GENERAL SAN MART?N,4,Chaco,2020,45,2,1,6 a 11 m,4740
14,USHUAIA,23,Tierra del Fuego,2020,7,3,3,15 a 19,146
14,USHUAIA,23,Tierra del Fuego,2020,7,3,5,65 a 74,48
56,LA CAPITAL,19,San Luis,2020,6,3,2,5 a 9,1064
49,CAPITAL,22,Santiago del Estero,2020,1,3,3,15 a 19,1224
49,CAPITAL,22,Santiago del Estero,2020,1,3,4,25 a 34,2064
5,COMUNA 5,2,CABA,2020,52,1,5,65 a 74,1232
63,ISLAS DEL IBICUY,8,Entre Ríos,2020,51,3,3,15 a 19,6428
14,CAPITAL,12,La Rioja,2021,5,3,3,20 a 24,692
70,LA PAZ,3,Catamarca,2020,1,2,1,12 a 23 m,866
70,LA PAZ,3,Catamarca,2020,1,3,3,15 a 19,5308
126,OR?N,17,Salta,2020,46,1,3,20 a 24,342
126,OR?N,17,Salta,2020,46,1,4,25 a 34,2368
84,PARAN?,8,Entre Ríos,2020,28,3,5,>= a 75,3218
28,LAGO ARGENTINO,20,Santa Cruz,2020,51,3,5,65 a 74,530
14,CAPITAL,12,La Rioja,2021,5,3,4,25 a 34,1344
14,CAPITAL,12,La Rioja,2021,5,3,5,>= a 75,234
42,GENERAL ROCA,16,Río Negro,2021,3,3,1,6 a 11 m,356
42,GENERAL ROCA,16,Río Negro,2021,3,3,5,65 a 74,568
648,PRESIDENTE PER?N,1,Buenos Aires,2020,50,3,1,12 a 23 m,18448
105,SAN RAFAEL,13,Mendoza,2021,7,3,5,65 a 74,136
84,PRESIDENTE ROQUE S?ENZ PE?A,6,Córdoba,2020,44,1,4,45 a 64,3126
35,JUN?N,13,Mendoza,2021,8,3,3,20 a 24,320
98,LA VI?A,17,Salta,2020,3,3,2,10 a 14,6202
7,AMBATO,3,Catamarca,2021,7,3,2,10 a 14,1004
7,AMBATO,3,Catamarca,2021,7,3,3,15 a 19,484
7,AMBATO,3,Catamarca,2021,7,3,4,25 a 34,1212
7,AMBATO,3,Catamarca,2021,7,3,5,65 a 74,144
91,25 DE MAYO,16,Río Negro,2020,6,1,1,6 a 11 m,150
91,25 DE MAYO,16,Río Negro,2020,6,1,5,65 a 74,1194
49,CAPITAL,3,Catamarca,2020,1,1,4,25 a 34,592
98,LA VI?A,17,Salta,2020,53,1,5,>= a 75,1730
56,J?CHAL,18,San Juan,2021,7,3,2,10 a 14,984
56,J?CHAL,18,San Juan,2021,7,1,4,35 a 44,96
56,J?CHAL,18,San Juan,2021,7,1,5,65 a 74,102
56,PIRAN?,9,Formosa,2021,9,3,3,20 a 24,176
56,PIRAN?,9,Formosa,2021,9,1,4,45 a 64,34
49,CAPITAL,22,Santiago del Estero,2020,25,1,3,15 a 19,134
133,RIVADAVIA,17,Salta,2021,10,3,2,5 a 9,668
133,RIVADAVIA,17,Salta,2021,10,3,3,15 a 19,512
133,RIVADAVIA,17,Salta,2021,10,3,4,45 a 64,780
112,ROSARIO VERA PE?ALOZA,12,La Rioja,2021,2,1,4,35 a 44,86
42,GENERAL L?PEZ,21,Santa Fe,2020,7,3,1,6 a 11 m,530
42,GENERAL L?PEZ,21,Santa Fe,2020,7,3,2,2 a 4,1138
42,GENERAL L?PEZ,21,Santa Fe,2020,7,3,3,15 a 19,796
42,GENERAL L?PEZ,21,Santa Fe,2020,7,3,4,25 a 34,2220
42,GENERAL L?PEZ,21,Santa Fe,2020,7,3,5,65 a 74,776
413,JUN?N,1,Buenos Aires,2020,7,1,5,>= a 75,4742
21,CAPITAL,7,Corrientes,2020,40,3,1,6 a 11 m,5834
91,TALA,8,Entre Ríos,2020,2,1,4,45 a 64,1472
182,UNI?N,6,Córdoba,2021,7,2,1,12 a 23 m,196
35,CAUCETE,18,San Juan,2021,8,1,3,15 a 19,16
14,CRUZ ALTA,24,Tucumán,2020,2,2,1,< 6 m,4566
15,CONCORDIA,8,Entre Ríos,2020,39,1,1,12 a 23 m,390
161,TERCERO ARRIBA,6,Córdoba,2020,51,3,5,65 a 74,1828
42,PALPAL?,10,Jujuy,2021,8,3,1,< 6 m,534
42,PALPAL?,10,Jujuy,2021,8,3,2,5 a 9,1364
42,PALPAL?,10,Jujuy,2021,8,3,3,20 a 24,622
42,PALPAL?,10,Jujuy,2021,8,3,4,35 a 44,1568
42,PALPAL?,10,Jujuy,2021,8,3,5,>= a 75,224
91,SAN CARLOS,13,Mendoza,2020,6,1,1,12 a 23 m,746
126,OR?N,17,Salta,2020,7,3,1,6 a 11 m,1534
7,R?O GRANDE,23,Tierra del Fuego,2021,10,3,3,20 a 24,2
35,PATI?O,9,Formosa,2020,37,3,5,65 a 74,1078
63,LULES,24,Tucumán,2020,7,3,3,20 a 24,4834
63,MARCOS JU?REZ,6,Córdoba,2021,7,3,1,12 a 23 m,234
77,RAWSON,5,Chubut,2021,9,3,4,35 a 44,420
21,CALINGASTA,18,San Juan,2020,47,3,4,25 a 34,4768
35,PATI?O,9,Formosa,2021,5,3,2,5 a 9,238
35,PATI?O,9,Formosa,2021,5,3,4,25 a 34,224
595,OLAVARR?A,1,Buenos Aires,2020,7,1,1,12 a 23 m,1632
595,OLAVARR?A,1,Buenos Aires,2020,7,1,2,2 a 4,2798
105,TAF? VIEJO,24,Tucumán,2020,6,3,1,6 a 11 m,3966
84,PARAN?,8,Entre Ríos,2020,7,2,1,6 a 11 m,1914
84,PARAN?,8,Entre Ríos,2020,7,1,2,10 a 14,736
84,PARAN?,8,Entre Ríos,2020,7,1,3,15 a 19,300
49,CAPITAL,22,Santiago del Estero,2020,2,2,1,12 a 23 m,5202
35,GENERAL PEDERNERA,19,San Luis,2021,10,3,2,5 a 9,156
11,COMUNA 11,2,Buenos Aires,2020,40,3,1,12 a 23 m,682
56,GENERAL DONOVAN,4,Chaco,2021,5,3,2,2 a 4,2168
56,GENERAL DONOVAN,4,Chaco,2021,5,3,3,20 a 24,1002
56,GENERAL DONOVAN,4,Chaco,2021,5,3,4,35 a 44,1610
161,ROBLES,22,Santiago del Estero,2020,7,3,1,12 a 23 m,1148
28,CAPITAL,14,Misiones,2020,5,1,2,2 a 4,322
42,GENERAL ROCA,16,Río Negro,2020,50,1,2,2 a 4,310
28,LAGO ARGENTINO,20,Santa Cruz,2021,1,1,3,20 a 24,26
434,LAN?S,1,Buenos Aires,2021,3,2,1,< 6 m,268
14,USHUAIA,23,Tierra del Fuego,2020,6,2,1,6 a 11 m,236
70,MONTEROS,24,Tucumán,2020,7,1,2,2 a 4,436
70,MONTEROS,24,Tucumán,2020,7,1,3,15 a 19,276
70,MONTEROS,24,Tucumán,2020,7,1,4,25 a 34,1646
35,CONCEPCI?N,14,Misiones,2020,53,3,3,20 a 24,11600
28,CHACABUCO,4,Chaco,2020,52,1,4,35 a 44,1088
113,ZAPALA,15,Neuquén,2020,50,1,4,35 a 44,1168
14,CAPITAL,6,Córdoba,2020,26,1,2,5 a 9,896
14,CAPITAL,6,Córdoba,2020,26,2,1,12 a 23 m,1890
28,GUAYMALL?N,13,Mendoza,2020,7,1,3,15 a 19,260
28,FEDERACI?N,8,Entre Ríos,2021,9,3,1,6 a 11 m,370
28,FEDERACI?N,8,Entre Ríos,2021,9,3,4,25 a 34,1014
14,USHUAIA,23,Tierra del Fuego,2020,6,1,1,12 a 23 m,16
28,CAPITAL,14,Misiones,2020,7,3,4,45 a 64,24758
49,CAPITAL,22,Santiago del Estero,2020,1,3,5,>= a 75,274
42,CHILECITO,12,La Rioja,2021,8,1,3,20 a 24,10
28,CAPITAL,14,Misiones,2020,47,3,5,65 a 74,3718
441,LA PLATA,1,Buenos Aires,2021,2,1,1,12 a 23 m,52
28,LAGO ARGENTINO,20,Santa Cruz,2021,1,1,4,25 a 34,184
28,LAGO ARGENTINO,20,Santa Cruz,2021,1,1,5,65 a 74,60
441,LA PLATA,1,Buenos Aires,2021,5,1,2,5 a 9,90
441,LA PLATA,1,Buenos Aires,2021,5,1,4,45 a 64,658
133,RIVADAVIA,17,Salta,2020,51,3,5,65 a 74,1388
133,RIVADAVIA,17,Salta,2020,51,1,1,6 a 11 m,834
21,CASTELLANOS,21,Santa Fe,2020,33,1,4,45 a 64,1468
56,LA CAPITAL,19,San Luis,2021,11,1,4,35 a 44,202
56,LA CAPITAL,19,San Luis,2021,11,1,5,>= a 75,60
21,DR. MANUEL BELGRANO,10,Jujuy,2020,7,1,2,5 a 9,172
49,LAS HERAS,13,Mendoza,2021,6,3,1,< 6 m,180
168,CASTELLI,1,Buenos Aires,2020,7,1,3,20 a 24,936
49,HUILICHES,15,Neuquén,2020,53,3,1,12 a 23 m,114
28,MATACOS,9,Formosa,2021,3,3,1,< 6 m,88
56,GENERAL DONOVAN,4,Chaco,2021,2,3,1,< 6 m,862
140,SAN FERNANDO,4,Chaco,2021,9,1,2,5 a 9,82
140,SAN FERNANDO,4,Chaco,2021,9,2,1,12 a 23 m,182
21,CAPITAL,11,La Pampa,2020,7,1,3,20 a 24,80
21,CAPITAL,11,La Pampa,2020,7,1,5,65 a 74,332
21,CAPITAL,11,La Pampa,2020,7,3,4,25 a 34,1024
84,CAPITAL,24,Tucumán,2021,7,2,1,6 a 11 m,112
84,ROSARIO,21,Santa Fe,2020,3,1,1,< 6 m,564
70,GUATRACH?,11,La Pampa,2021,8,3,3,15 a 19,50
84,ROSARIO,21,Santa Fe,2021,7,1,4,45 a 64,96
42,CHICOANA,17,Salta,2021,1,2,1,< 6 m,424
84,RIVADAVIA,18,San Juan,2020,51,3,3,20 a 24,1892
126,RANCUL,11,La Pampa,2021,6,3,5,65 a 74,56
21,DR. MANUEL BELGRANO,10,Jujuy,2020,6,1,1,12 a 23 m,72
42,GOBERNADOR DUPUY,19,San Luis,2021,1,3,3,15 a 19,80
42,GOBERNADOR DUPUY,19,San Luis,2021,1,3,4,25 a 34,234
21,CHICLIGASTA,24,Tucumán,2020,43,1,5,65 a 74,572
14,A?ELO,15,Neuquén,2020,8,3,3,20 a 24,842
56,J?CHAL,18,San Juan,2021,11,3,3,15 a 19,268
56,J?CHAL,18,San Juan,2021,11,3,4,35 a 44,726
56,J?CHAL,18,San Juan,2021,11,2,1,6 a 11 m,58
77,HUCAL,11,La Pampa,2021,11,3,4,45 a 64,236
42,CAPAY?N,3,Catamarca,2021,7,3,1,12 a 23 m,444
84,GUASAY?N,22,Santiago del Estero,2020,2,1,5,65 a 74,316
42,GENERAL SAN MART?N,6,Córdoba,2020,7,1,3,20 a 24,376
42,GENERAL SAN MART?N,6,Córdoba,2020,7,1,5,65 a 74,1506
119,25 DE MAYO,14,Misiones,2020,52,1,4,35 a 44,1310
35,PATI?O,9,Formosa,2020,49,1,5,65 a 74,384
84,ROSARIO,21,Santa Fe,2021,7,2,1,6 a 11 m,20
28,MATACOS,9,Formosa,2020,47,1,1,< 6 m,348
119,VALLE F?RTIL,18,San Juan,2021,6,3,1,6 a 11 m,328
161,ROBLES,22,Santiago del Estero,2021,2,3,2,2 a 4,132
161,ROBLES,22,Santiago del Estero,2021,2,3,4,45 a 64,130
161,ROBLES,22,Santiago del Estero,2021,2,3,5,65 a 74,30
21,COMANDANTE FERN?NDEZ,4,Chaco,2021,1,1,4,25 a 34,116
21,COMANDANTE FERN?NDEZ,4,Chaco,2021,1,1,5,65 a 74,28
105,9 DE JULIO,4,Chaco,2020,2,1,3,15 a 19,406
105,TINOGASTA,3,Catamarca,2020,7,3,5,65 a 74,1844
49,GENERAL G?EMES,17,Salta,2020,2,1,2,2 a 4,960
70,PILCANIYEU,16,Río Negro,2021,11,1,4,45 a 64,364
70,PILCANIYEU,16,Río Negro,2021,11,1,5,65 a 74,242
49,CAPITAL,3,Catamarca,2020,6,1,3,15 a 19,100
35,CONFLUENCIA,15,Neuquén,2021,7,3,4,25 a 34,568
35,CONFLUENCIA,15,Neuquén,2021,7,1,4,35 a 44,258
35,CONFLUENCIA,15,Neuquén,2021,7,1,5,65 a 74,298
35,FUTALEUF?,5,Chubut,2020,46,3,4,35 a 44,2810
5,COMUNA 5,2,CABA,2021,8,3,4,35 a 44,168
5,COMUNA 5,2,CABA,2021,8,1,4,35 a 44,106
5,COMUNA 5,2,CABA,2021,8,1,5,65 a 74,236
5,COMUNA 5,2,CABA,2021,8,2,1,12 a 23 m,8
119,VALLE F?RTIL,18,San Juan,2021,6,3,5,65 a 74,138
126,RANCUL,11,La Pampa,2020,1,2,1,12 a 23 m,518
21,CAPITAL,7,Corrientes,2020,3,1,4,45 a 64,454
28,FEDERACI?N,8,Entre Ríos,2020,1,1,5,65 a 74,1320
11,COMUNA 11,2,Buenos Aires,2021,1,3,1,< 6 m,40
11,COMUNA 11,2,Buenos Aires,2021,1,3,2,2 a 4,190
11,COMUNA 11,2,Buenos Aires,2021,1,3,3,15 a 19,56
8,COMUNA 8,2,CABA,2020,2,2,1,12 a 23 m,1088
35,GARAY,21,Santa Fe,2020,48,1,5,>= a 75,678
42,PILAG?S,9,Formosa,2020,42,1,4,35 a 44,760
70,MAIP?,13,Mendoza,2020,2,2,1,< 6 m,2018
14,FORMOSA,9,Formosa,2020,39,1,2,2 a 4,530
35,GENERAL PEDERNERA,19,San Luis,2020,3,1,5,65 a 74,470
7,AMBATO,3,Catamarca,2020,1,1,5,65 a 74,314
140,SAN FERNANDO,4,Chaco,2021,7,3,5,65 a 74,218
7,ALUMIN?,15,Neuquén,2020,3,1,5,>= a 75,1162
70,MAIP?,13,Mendoza,2021,6,1,1,12 a 23 m,30
70,MAIP?,13,Mendoza,2021,6,1,2,2 a 4,64
42,CHICOANA,17,Salta,2021,4,3,1,< 6 m,254
11,COMUNA 11,2,Buenos Aires,2020,2,3,2,2 a 4,2102
11,COMUNA 11,2,Buenos Aires,2020,2,3,5,65 a 74,1264
21,ESCALANTE,5,Chubut,2020,2,2,1,< 6 m,426
21,ESCALANTE,5,Chubut,2020,2,1,1,12 a 23 m,40
21,ESCALANTE,5,Chubut,2020,2,1,4,45 a 64,254
21,ESCALANTE,5,Chubut,2021,8,3,3,20 a 24,108
21,ESCALANTE,5,Chubut,2021,8,3,5,65 a 74,252
91,PUNILLA,6,Córdoba,2021,1,1,1,12 a 23 m,26
84,ROSARIO,21,Santa Fe,2020,2,1,2,5 a 9,1096
84,ROSARIO,21,Santa Fe,2020,2,1,3,20 a 24,240
21,ESCALANTE,5,Chubut,2020,2,3,2,10 a 14,726
21,ESCALANTE,5,Chubut,2020,2,3,3,15 a 19,778
14,CAPITAL,12,La Rioja,2021,4,1,2,2 a 4,44
7,COMUNA 7,2,CABA,2020,3,1,2,10 a 14,534
70,MAIP?,13,Mendoza,2021,6,1,4,35 a 44,118
70,MAIP?,13,Mendoza,2021,6,2,1,< 6 m,150
14,DESEADO,20,Santa Cruz,2020,8,2,1,6 a 11 m,348
14,DESEADO,20,Santa Cruz,2020,8,1,2,10 a 14,232
14,DESEADO,20,Santa Cruz,2020,8,1,4,25 a 34,978
14,DESEADO,20,Santa Cruz,2020,8,1,5,>= a 75,592
35,GENERAL PEDERNERA,19,San Luis,2020,49,1,2,2 a 4,248
63,RAM?N LISTA,9,Formosa,2020,10,1,3,20 a 24,162
42,GAIMAN,5,Chubut,2020,1,3,1,6 a 11 m,176
42,GAIMAN,5,Chubut,2020,1,3,5,65 a 74,660
119,YERBA BUENA,24,Tucumán,2021,2,1,3,15 a 19,20
119,YERBA BUENA,24,Tucumán,2021,2,1,4,25 a 34,140
119,YERBA BUENA,24,Tucumán,2021,2,1,5,65 a 74,60
56,?ORQUINC?,16,Río Negro,2021,10,2,1,< 6 m,126
63,GENERAL PAZ,7,Corrientes,2020,48,1,5,65 a 74,248
70,LA PAZ,8,Entre Ríos,2021,10,1,4,25 a 34,124
35,GENERAL PEDERNERA,19,San Luis,2020,2,1,3,20 a 24,134
84,RIVADAVIA,18,San Juan,2020,4,1,4,35 a 44,852
70,MAIP?,13,Mendoza,2020,1,1,2,2 a 4,1260
98,URUGUAY,8,Entre Ríos,2021,1,1,2,2 a 4,30
56,LA CAPITAL,19,San Luis,2020,8,3,3,20 a 24,844
105,MARAC?,11,La Pampa,2020,3,1,1,12 a 23 m,30
105,MARAC?,11,La Pampa,2020,3,1,2,5 a 9,74
105,MERCEDES,7,Corrientes,2020,7,2,1,< 6 m,1328
35,LEDESMA,10,Jujuy,2021,8,2,1,< 6 m,42
35,GENERAL PEDERNERA,19,San Luis,2020,8,1,1,12 a 23 m,108
56,L?CAR,15,Neuquén,2020,3,3,5,>= a 75,294
49,HUILICHES,15,Neuquén,2020,3,2,1,< 6 m,478
119,R?O SEGUNDO,6,Córdoba,2021,10,3,5,65 a 74,410
63,LIBERTADOR GENERAL SAN MART?N,19,San Luis,2021,1,3,5,65 a 74,32
5,COMUNA 5,2,CABA,2021,7,3,5,>= a 75,26
5,COMUNA 5,2,CABA,2021,7,1,3,20 a 24,10
140,TOAY,11,La Pampa,2020,3,1,4,25 a 34,554
140,TOAY,11,La Pampa,2020,3,3,2,10 a 14,224
140,TOAY,11,La Pampa,2020,3,3,3,15 a 19,380
140,TOAY,11,La Pampa,2020,3,3,5,65 a 74,168
140,QUEBRACHOS,22,Santiago del Estero,2021,5,3,3,15 a 19,48
126,OR?N,17,Salta,2021,1,1,4,25 a 34,178
42,GENERAL SAN MART?N,6,Córdoba,2020,1,1,1,6 a 11 m,142
14,AVELLANEDA,16,Río Negro,2020,52,1,3,15 a 19,204
42,GENERAL ROCA,16,Río Negro,2021,5,1,2,5 a 9,20
21,CAPITAL,11,La Pampa,2021,8,1,4,35 a 44,56
7,R?O GRANDE,23,Tierra del Fuego,2021,10,3,4,25 a 34,14
7,R?O GRANDE,23,Tierra del Fuego,2021,10,1,4,45 a 64,16
49,LAS HERAS,13,Mendoza,2021,4,1,5,65 a 74,36
42,GENERAL ROCA,16,Río Negro,2021,1,1,1,6 a 11 m,14
28,CAPITAL,14,Misiones,2021,2,2,1,6 a 11 m,94
49,CAPITAL,3,Catamarca,2021,11,2,1,< 6 m,70
14,FORMOSA,9,Formosa,2021,1,1,5,65 a 74,6
56,LA CAPITAL,19,San Luis,2021,1,1,2,2 a 4,20
56,LA CAPITAL,19,San Luis,2021,1,2,1,< 6 m,70
14,FORMOSA,9,Formosa,2021,1,2,1,12 a 23 m,4
63,GENERAL PAZ,7,Corrientes,2020,44,1,2,2 a 4,340
21,CHICLIGASTA,24,Tucumán,2020,5,1,1,6 a 11 m,154
35,GARAY,21,Santa Fe,2021,6,3,4,25 a 34,274
126,25 DE MAYO,18,San Juan,2020,50,3,5,65 a 74,714
49,LA COCHA,24,Tucumán,2021,7,3,1,< 6 m,578
119,YERBA BUENA,24,Tucumán,2021,1,1,2,10 a 14,24
70,LOS LAGOS,15,Neuquén,2020,2,1,2,10 a 14,166
112,MONTE CASEROS,7,Corrientes,2021,6,1,5,>= a 75,6
14,DESEADO,20,Santa Cruz,2021,11,2,1,12 a 23 m,8
84,CAPITAL,24,Tucumán,2021,9,3,5,>= a 75,72
28,CAPITAL,18,San Juan,2020,2,1,1,12 a 23 m,110
28,CAPITAL,18,San Juan,2020,2,1,2,5 a 9,236
28,CAPITAL,18,San Juan,2020,2,1,3,20 a 24,164
28,CAPITAL,18,San Juan,2020,2,1,5,65 a 74,772
98,URUGUAY,8,Entre Ríos,2021,3,3,5,65 a 74,224
14,ALBERDI,22,Santiago del Estero,2020,1,1,2,5 a 9,246
49,HUILICHES,15,Neuquén,2020,1,1,3,15 a 19,108
35,CONFLUENCIA,15,Neuquén,2021,10,3,2,2 a 4,152
35,CONFLUENCIA,15,Neuquén,2021,10,3,5,65 a 74,46
42,GENERAL L?PEZ,21,Santa Fe,2021,2,3,1,12 a 23 m,76
42,GENERAL L?PEZ,21,Santa Fe,2021,2,3,2,10 a 14,210
42,GENERAL L?PEZ,21,Santa Fe,2021,2,3,3,20 a 24,88
35,CONFLUENCIA,15,Neuquén,2021,7,3,1,< 6 m,90
35,CONFLUENCIA,15,Neuquén,2021,7,3,3,15 a 19,184
98,TEHUELCHES,5,Chubut,2020,46,1,5,65 a 74,288
35,CONFLUENCIA,15,Neuquén,2021,7,1,1,< 6 m,16
35,PATI?O,9,Formosa,2021,4,1,2,2 a 4,10
84,CAPITAL,24,Tucumán,2021,9,1,1,< 6 m,6
42,CHILECITO,12,La Rioja,2020,2,1,2,2 a 4,948
28,CAPITAL,14,Misiones,2020,2,1,1,6 a 11 m,234
35,FEDERAL,8,Entre Ríos,2021,8,1,5,>= a 75,54
35,FEDERAL,8,Entre Ríos,2021,8,2,1,< 6 m,60
70,MAIP?,13,Mendoza,2021,7,1,3,20 a 24,18
77,LIBERTADOR GRL. SAN MART?N,14,Misiones,2020,49,1,3,15 a 19,524
21,LAISHI,9,Formosa,2021,5,1,1,12 a 23 m,32
105,LOS ANDES,17,Salta,2021,8,3,5,>= a 75,128
7,ATREUC?,11,La Pampa,2021,5,1,5,65 a 74,48
147,ROSARIO DE LERMA,17,Salta,2021,6,1,5,65 a 74,158
49,CAPITAL,3,Catamarca,2020,1,1,1,< 6 m,96
56,GRL. JOS? DE SAN MART?N,17,Salta,2021,7,1,1,< 6 m,66
28,CAPITAL,14,Misiones,2021,8,1,4,25 a 34,514
28,CAPITAL,14,Misiones,2021,8,1,5,65 a 74,390
7,R?O GRANDE,23,Tierra del Fuego,2020,6,3,1,6 a 11 m,30
21,CASTELLANOS,21,Santa Fe,2021,10,1,3,15 a 19,2
42,ELDORADO,14,Misiones,2020,1,1,5,65 a 74,528
70,PILCANIYEU,16,Río Negro,2021,8,1,3,20 a 24,32
77,RAWSON,5,Chubut,2021,7,3,2,5 a 9,104
63,GENERAL G?EMES,4,Chaco,2021,7,1,3,15 a 19,28
42,GENERAL L?PEZ,21,Santa Fe,2021,7,3,5,65 a 74,64
147,SANTA MAR?A,6,Córdoba,2021,7,1,3,15 a 19,52
7,R?O GRANDE,23,Tierra del Fuego,2021,6,1,2,10 a 14,2
1,COMUNA 1,2,CABA,2020,1,1,1,12 a 23 m,196
7,BIEDMA,5,Chubut,2020,4,1,2,2 a 4,62
119,R?O SEGUNDO,6,Córdoba,2021,11,1,2,5 a 9,100
14,USHUAIA,23,Tierra del Fuego,2021,10,3,1,6 a 11 m,2
56,PIRAN?,9,Formosa,2021,6,3,5,65 a 74,30
28,LAGO ARGENTINO,20,Santa Cruz,2020,9,1,1,12 a 23 m,116
91,SAN MART?N,18,San Juan,2021,10,1,2,10 a 14,32
14,USHUAIA,23,Tierra del Fuego,2020,1,1,4,35 a 44,140
21,CAPITAL,7,Corrientes,2020,1,1,3,15 a 19,124
63,LA CAPITAL,21,Santa Fe,2021,6,1,1,6 a 11 m,4
35,CONFLUENCIA,15,Neuquén,2020,8,1,1,12 a 23 m,56
49,CAPITAL,22,Santiago del Estero,2021,1,1,5,>= a 75,36
14,CAPITAL,12,La Rioja,2021,8,2,1,6 a 11 m,112
119,QUEM? QUEM?,11,La Pampa,2020,1,3,1,12 a 23 m,48
49,CAPITAL,22,Santiago del Estero,2021,3,3,1,6 a 11 m,44
14,CAPITAL,12,La Rioja,2020,25,1,3,15 a 19,314
35,CONFLUENCIA,15,Neuquén,2021,11,2,1,12 a 23 m,18
21,CAPITAL,7,Corrientes,2020,25,1,1,6 a 11 m,160
49,CAPITAL,22,Santiago del Estero,2021,3,1,4,25 a 34,68
28,CAPITAL,14,Misiones,2021,5,1,1,6 a 11 m,4
28,CAPITAL,14,Misiones,2021,5,1,2,2 a 4,2
98,URUGUAY,8,Entre Ríos,2021,5,1,3,20 a 24,16
77,RAWSON,18,San Juan,2021,5,1,1,12 a 23 m,14
126,RANCUL,11,La Pampa,2021,5,2,1,< 6 m,34
133,RIVADAVIA,17,Salta,2021,4,1,2,2 a 4,42
12,COMUNA 12,2,CABA,2020,8,1,3,20 a 24,114
49,CAPITAL,3,Catamarca,2020,26,1,2,2 a 4,228
56,LA CAPITAL,19,San Luis,2021,9,1,3,20 a 24,16
49,CAPITAL,22,Santiago del Estero,2021,3,2,1,6 a 11 m,78
14,CUSHAMEN,5,Chubut,2021,5,1,5,>= a 75,20
14,CAPITAL,12,La Rioja,2020,53,1,1,6 a 11 m,308
56,COPO,22,Santiago del Estero,2020,13,1,1,12 a 23 m,102
70,LA PAZ,3,Catamarca,2021,4,1,4,35 a 44,28
21,G?ER AIKE,20,Santa Cruz,2020,26,1,3,20 a 24,146
35,GENERAL PEDERNERA,19,San Luis,2021,3,1,1,12 a 23 m,10
5,COMUNA 5,2,CABA,2021,4,1,1,12 a 23 m,2
105,9 DE JULIO,4,Chaco,2021,1,1,1,12 a 23 m,34
105,MARAC?,11,La Pampa,2021,2,3,2,10 a 14,8
28,CAPITAL,14,Misiones,2021,1,1,3,15 a 19,306
35,BANDA,22,Santiago del Estero,2021,1,1,2,2 a 4,8
42,CHILECITO,12,La Rioja,2021,1,1,5,>= a 75,38
112,YAVI,10,Jujuy,2021,2,1,4,45 a 64,120
21,ESCALANTE,5,Chubut,2021,2,3,1,6 a 11 m,40
35,LEDESMA,10,Jujuy,2021,4,1,5,65 a 74,78
35,FUTALEUF?,5,Chubut,2020,1,1,3,15 a 19,32
14,USHUAIA,23,Tierra del Fuego,2020,4,1,3,15 a 19,34
112,VALLE VIEJO,3,Catamarca,2021,7,1,3,20 a 24,8
84,ROSARIO,21,Santa Fe,2021,1,1,5,65 a 74,18
56,L?CAR,15,Neuquén,2021,5,1,2,5 a 9,6
14,CAPITAL,12,La Rioja,2021,3,1,1,12 a 23 m,12
14,EL CARMEN,10,Jujuy,2021,8,1,3,15 a 19,6
14,CUSHAMEN,5,Chubut,2021,9,1,4,35 a 44,8
147,ROSARIO DE LERMA,17,Salta,2021,3,1,3,15 a 19,12
49,CAPITAL,3,Catamarca,2021,10,1,2,5 a 9,6
21,CAPITAL,7,Corrientes,2021,10,1,2,2 a 4,8
98,SANTA ROSA,3,Catamarca,2021,4,1,5,>= a 75,2
28,HUMAHUACA,10,Jujuy,2021,4,1,2,10 a 14,6
21,CASTELLANOS,21,Santa Fe,2021,10,1,2,10 a 14,6
105,MARAC?,11,La Pampa,2021,6,3,1,12 a 23 m,4
63,CHOYA,22,Santiago del Estero,2021,4,1,3,15 a 19,16
112,MONTE CASEROS,7,Corrientes,2021,7,1,4,35 a 44,34
7,BIEDMA,5,Chubut,2021,9,1,1,< 6 m,2
56,COPO,22,Santiago del Estero,2021,8,1,1,12 a 23 m,4
14,A?ELO,15,Neuquén,2021,11,1,3,20 a 24,6
11,COMUNA 11,2,Buenos Aires,2021,10,1,2,5 a 9,4
7,R?O GRANDE,23,Tierra del Fuego,2021,7,1,5,>= a 75,8
35,FUTALEUF?,5,Chubut,2021,9,1,2,5 a 9,6
98,URUGUAY,8,Entre Ríos,2021,10,1,1,< 6 m,6
7,ATREUC?,11,La Pampa,2021,9,1,2,5 a 9,4
49,CAPITAL,3,Catamarca,2021,1,1,1,6 a 11 m,4
168,SANTO TOM?,7,Corrientes,2021,4,1,3,15 a 19,2
168,SANTO TOM?,7,Corrientes,2021,1,2,1,12 a 23 m,2
7,R?O GRANDE,23,Tierra del Fuego,2021,9,3,2,2 a 4,2
140,SAN FERNANDO,4,Chaco,2018,46,3,1,< 6 m,986
140,SAN FERNANDO,4,Chaco,2018,46,3,2,2 a 4,2229
140,SAN FERNANDO,4,Chaco,2018,46,3,3,15 a 19,1399
21,CHICLIGASTA,24,Tucuman,2018,46,3,4,25 a 34,1569
21,CHICLIGASTA,24,Tucuman,2018,46,1,4,25 a 34,188
21,CHICLIGASTA,24,Tucuman,2018,46,1,5,>= a 75,79
21,CHICLIGASTA,24,Tucuman,2018,46,2,1,< 6 m,1642
0,CIUDAD DE BUENOS AIRES,2,CABA,2018,44,1,2,5 a 9,441
28,CAPITAL,14,Misiones,2018,45,3,2,2 a 4,3405
28,LAGO ARGENTINO,20,Santa Cruz,2018,28,1,3,20 a 24,19
28,LAGO ARGENTINO,20,Santa Cruz,2018,28,1,2,2 a 4,104
28,CAPITAL,17,Salta,2018,18,1,4,45 a 64,333
7,CAPITAL,13,Mendoza,2018,25,1,2,2 a 4,1019
28,CONSTITUCION,21,Santa Fe,2018,22,3,1,< 6 m,318
28,CONSTITUCION,21,Santa Fe,2018,22,3,2,2 a 4,828
28,CONSTITUCION,21,Santa Fe,2018,22,3,3,20 a 24,182
28,CONSTITUCION,21,Santa Fe,2018,22,3,4,25 a 34,388
469,LINCOLN,1,Buenos Aires,2018,28,3,5,65 a 74,1734
490,LOMAS DE ZAMORA,1,Buenos Aires,2018,36,3,1,6 a 11 m,4105
490,LOMAS DE ZAMORA,1,Buenos Aires,2018,36,3,2,2 a 4,9864
490,LOMAS DE ZAMORA,1,Buenos Aires,2018,36,3,4,25 a 34,8058
490,LOMAS DE ZAMORA,1,Buenos Aires,2018,36,2,1,< 6 m,12925
49,LA COCHA,24,Tucuman,2018,38,3,2,2 a 4,576
35,FUTALEUFU,5,Chubut,2018,35,3,2,10 a 14,404
35,FUTALEUFU,5,Chubut,2018,35,3,3,15 a 19,250
0,CIUDAD DE BUENOS AIRES,2,CABA,2018,37,2,1,6 a 11 m,2245
0,CIUDAD DE BUENOS AIRES,2,CABA,2018,37,3,2,2 a 4,1478
826,TRENQUE LAUQUEN,1,Buenos Aires,2018,27,1,4,35 a 44,1253
826,TRENQUE LAUQUEN,1,Buenos Aires,2018,27,1,5,65 a 74,701
0,CIUDAD DE BUENOS AIRES,2,CABA,2018,37,3,4,45 a 64,1370
28,CAPITAL,14,Misiones,2018,45,3,3,15 a 19,1050
28,CAPITAL,14,Misiones,2018,45,3,4,25 a 34,2253
28,CAPITAL,14,Misiones,2018,45,3,5,65 a 74,463
105,SAN JERONIMO,21,Santa Fe,2018,41,3,5,65 a 74,37
105,SAN JERONIMO,21,Santa Fe,2018,41,1,3,20 a 24,37
105,SAN JERONIMO,21,Santa Fe,2018,41,1,4,35 a 44,125
49,LAS HERAS,13,Mendoza,2018,26,3,2,10 a 14,975
49,LAS HERAS,13,Mendoza,2018,26,3,3,15 a 19,574
49,LAS HERAS,13,Mendoza,2018,26,3,4,25 a 34,1339
49,LAS HERAS,13,Mendoza,2018,26,1,1,< 6 m,471
49,LAS HERAS,13,Mendoza,2018,26,1,4,35 a 44,536
49,LAS HERAS,13,Mendoza,2018,26,1,5,65 a 74,217
49,LAS HERAS,13,Mendoza,2018,26,2,1,< 6 m,2282
0,CIUDAD DE BUENOS AIRES,2,CABA,2018,38,1,1,6 a 11 m,221
28,CAPITAL,14,Misiones,2018,38,3,1,12 a 23 m,1318
91,25 DE MAYO,16,Rio Negro,2018,35,3,4,35 a 44,1858
15,CONCORDIA,8,Entre Rios,2018,33,3,5,65 a 74,449
15,CONCORDIA,8,Entre Rios,2018,34,3,2,2 a 4,3349
15,CONCORDIA,8,Entre Rios,2018,34,3,4,25 a 34,2479
15,CONCORDIA,8,Entre Rios,2018,34,2,1,12 a 23 m,1838
15,CONCORDIA,8,Entre Rios,2018,36,3,1,12 a 23 m,1211
15,CONCORDIA,8,Entre Rios,2018,36,3,3,15 a 19,1216
119,RIO SEGUNDO,6,Cordoba,2018,28,3,2,2 a 4,2564
119,RIO SEGUNDO,6,Cordoba,2018,46,3,4,45 a 64,3204
119,RIO SEGUNDO,6,Cordoba,2018,46,1,1,12 a 23 m,360
119,RIO SEGUNDO,6,Cordoba,2018,46,1,2,10 a 14,813
119,RIO SEGUNDO,6,Cordoba,2018,46,1,3,20 a 24,170
63,BALCARCE,1,Buenos Aires,2018,45,3,3,15 a 19,3635
28,LAGO ARGENTINO,20,Santa Cruz,2018,40,3,3,15 a 19,57
14,CRUZ ALTA,24,Tucuman,2018,25,3,1,< 6 m,264
14,CRUZ ALTA,24,Tucuman,2018,25,3,3,15 a 19,676
112,METAN,17,Salta,2018,21,3,3,20 a 24,732
112,METAN,17,Salta,2018,21,3,4,45 a 64,1553
112,METAN,17,Salta,2018,21,1,1,12 a 23 m,298
49,CAPITAL,22,Santiago del Estero,2018,35,3,1,< 6 m,265
119,RIO SEGUNDO,6,Cordoba,2018,37,3,3,15 a 19,1428
119,RIO SEGUNDO,6,Cordoba,2018,37,3,5,65 a 74,591
119,RIO SEGUNDO,6,Cordoba,2018,37,1,4,45 a 64,767
42,GENERAL ROCA,16,Rio Negro,2018,43,2,1,12 a 23 m,683
77,LA CALDERA,17,Salta,2018,39,3,2,10 a 14,1195
77,LA CALDERA,17,Salta,2018,39,2,1,12 a 23 m,2501
63,LA CAPITAL,21,Santa Fe,2018,18,2,1,< 6 m,489
441,LA PLATA,1,Buenos Aires,2018,25,1,1,< 6 m,878
84,PARANA,8,Entre Rios,2018,23,1,4,25 a 34,288
21,BARILOCHE,16,Rio Negro,2018,38,3,2,5 a 9,1318
21,BARILOCHE,16,Rio Negro,2018,38,3,3,20 a 24,637
21,BARILOCHE,16,Rio Negro,2018,38,1,2,2 a 4,240
21,BARILOCHE,16,Rio Negro,2018,38,1,3,20 a 24,35
21,BARILOCHE,16,Rio Negro,2018,38,1,4,25 a 34,259
21,BARILOCHE,16,Rio Negro,2018,38,1,5,65 a 74,185
21,COLON,6,Cordoba,2018,32,2,1,6 a 11 m,2188
14,AVELLANEDA,16,Rio Negro,2018,30,3,5,65 a 74,245
826,TRENQUE LAUQUEN,1,Buenos Aires,2018,37,1,2,2 a 4,1583
826,TRENQUE LAUQUEN,1,Buenos Aires,2018,37,1,3,15 a 19,307
35,CURUZU CUATIA,7,Corrientes,2018,29,3,1,< 6 m,921
35,CURUZU CUATIA,7,Corrientes,2018,29,3,4,25 a 34,1966
42,CHILECITO,12,La Rioja,2018,46,3,2,10 a 14,1282
42,CHILECITO,12,La Rioja,2018,46,3,3,15 a 19,373
42,CHILECITO,12,La Rioja,2018,46,3,4,25 a 34,902
42,CHILECITO,12,La Rioja,2018,46,3,5,65 a 74,163
42,CHILECITO,12,La Rioja,2018,46,1,4,25 a 34,74
42,CHILECITO,12,La Rioja,2018,46,1,5,>= a 75,43
42,CHILECITO,12,La Rioja,2018,46,2,1,12 a 23 m,387
21,GUER AIKE,20,Santa Cruz,2018,20,1,1,12 a 23 m,32
21,GUER AIKE,20,Santa Cruz,2018,20,1,4,25 a 34,90
140,SAN FERNANDO,4,Chaco,2018,39,3,4,35 a 44,2145
140,SAN FERNANDO,4,Chaco,2018,39,3,5,>= a 75,329
140,SAN FERNANDO,4,Chaco,2018,39,2,1,< 6 m,1865
91,PUNILLA,6,Cordoba,2018,33,1,5,65 a 74,377
49,ISCHILIN,6,Cordoba,2018,32,3,1,< 6 m,1005
7,APOSTOLES,14,Misiones,2018,28,2,1,6 a 11 m,584
35,CONFLUENCIA,15,Neuquen,2018,45,3,2,5 a 9,469
35,CONFLUENCIA,15,Neuquen,2018,45,3,3,20 a 24,305
35,CONFLUENCIA,15,Neuquen,2018,45,3,4,25 a 34,994
35,CONFLUENCIA,15,Neuquen,2018,45,3,5,>= a 75,124
35,CONFLUENCIA,15,Neuquen,2018,45,1,2,5 a 9,194
35,CONFLUENCIA,15,Neuquen,2018,45,2,1,6 a 11 m,942
28,CAPITAL,18,San Juan,2018,43,1,4,35 a 44,224
28,CAPITAL,18,San Juan,2018,43,2,1,6 a 11 m,1755
56,GUALEGUAYCHU,8,Entre Rios,2018,25,1,1,6 a 11 m,166
140,ROSARIO DE LA FRONTERA,17,Salta,2018,33,3,5,>= a 75,266
77,RAWSON,5,Chubut,2018,32,2,1,< 6 m,511
35,GENERAL PEDERNERA,19,San Luis,2018,30,3,4,25 a 34,627
35,BANDA,22,Santiago del Estero,2018,38,2,1,< 6 m,2642
7,ADOLFO ALSINA,16,Rio Negro,2018,34,3,1,12 a 23 m,302
49,CAPITAL,22,Santiago del Estero,2018,35,3,2,2 a 4,636
0,CIUDAD DE BUENOS AIRES,2,CABA,2018,38,3,5,65 a 74,471
15,CONCORDIA,8,Entre Rios,2018,28,1,3,20 a 24,56
119,TUNUYAN,13,Mendoza,2018,28,3,5,>= a 75,152
0,CIUDAD DE BUENOS AIRES,2,CABA,2018,37,1,4,45 a 64,230
14,USHUAIA,23,Tierra del Fuego,2018,45,3,2,2 a 4,73
14,USHUAIA,23,Tierra del Fuego,2018,45,1,2,2 a 4,82
14,USHUAIA,23,Tierra del Fuego,2018,45,1,4,35 a 44,46
14,USHUAIA,23,Tierra del Fuego,2018,45,2,1,< 6 m,115
21,CAPITAL,7,Corrientes,2018,46,2,1,6 a 11 m,760
28,FLORENTINO AMEGHINO,5,Chubut,2018,45,3,1,6 a 11 m,76
28,FLORENTINO AMEGHINO,5,Chubut,2018,45,1,4,25 a 34,95
21,CAPITAL,7,Corrientes,2018,32,3,2,2 a 4,2461
21,CAPITAL,7,Corrientes,2018,32,3,3,15 a 19,1030
21,CAPITAL,7,Corrientes,2018,32,3,5,65 a 74,409
0,CIUDAD DE BUENOS AIRES,2,CABA,2018,37,3,3,15 a 19,462
0,CIUDAD DE BUENOS AIRES,2,CABA,2018,36,1,3,20 a 24,32
77,RAWSON,18,San Juan,2018,44,3,2,2 a 4,595
105,SAN RAFAEL,13,Mendoza,2018,26,3,1,12 a 23 m,150
21,CAPITAL,7,Corrientes,2018,32,1,4,35 a 44,115
49,CAPITAL,22,Santiago del Estero,2018,29,1,1,< 6 m,84
49,CAPITAL,22,Santiago del Estero,2018,29,1,2,2 a 4,193
49,CAPITAL,3,Catamarca,2018,35,3,4,45 a 64,971
21,ESCALANTE,5,Chubut,2018,36,1,2,2 a 4,85
21,ESCALANTE,5,Chubut,2018,36,1,3,15 a 19,15
49,CAPITAL,3,Catamarca,2018,44,3,1,< 6 m,720
49,CAPITAL,3,Catamarca,2018,44,3,2,2 a 4,1847
70,GUATRACHE,11,La Pampa,2018,46,3,1,6 a 11 m,41
70,GUATRACHE,11,La Pampa,2018,46,3,2,2 a 4,437
70,GUATRACHE,11,La Pampa,2018,46,3,3,15 a 19,216
98,TEHUELCHES,5,Chubut,2018,38,3,4,25 a 34,682
98,TEHUELCHES,5,Chubut,2018,38,3,5,65 a 74,128
98,TEHUELCHES,5,Chubut,2018,38,1,5,65 a 74,71
77,RAWSON,18,San Juan,2018,45,1,1,6 a 11 m,66
77,RAWSON,18,San Juan,2018,45,1,2,2 a 4,198
77,RAWSON,18,San Juan,2018,45,1,3,15 a 19,31
63,CHOYA,22,Santiago del Estero,2018,37,3,3,15 a 19,302
63,CHOYA,22,Santiago del Estero,2018,37,3,4,25 a 34,600
63,CHOYA,22,Santiago del Estero,2018,37,3,5,65 a 74,88
15,CONCORDIA,8,Entre Rios,2018,29,1,2,2 a 4,267
28,CAPITAL,17,Salta,2018,22,1,2,5 a 9,442
21,CAPITAL,11,La Pampa,2018,37,3,4,25 a 34,668
21,CAPITAL,11,La Pampa,2018,37,3,5,65 a 74,78
21,CAPITAL,11,La Pampa,2018,37,1,1,12 a 23 m,31
21,CAPITAL,11,La Pampa,2018,37,1,2,2 a 4,72
21,CAPITAL,11,La Pampa,2018,37,2,1,< 6 m,598
168,25 DE MAYO,4,Chaco,2018,46,1,4,35 a 44,274
56,LEALES,24,Tucuman,2018,46,3,5,65 a 74,159
35,CONFLUENCIA,15,Neuquen,2018,36,1,1,12 a 23 m,71
42,PALPALA,10,Jujuy,2018,35,3,2,2 a 4,2407
42,PALPALA,10,Jujuy,2018,35,3,4,35 a 44,2184
119,25 DE MAYO,14,Misiones,2018,37,1,4,45 a 64,144
112,ULLUM,18,San Juan,2018,45,3,3,15 a 19,294
126,25 DE MAYO,18,San Juan,2018,46,3,4,25 a 34,759
126,25 DE MAYO,18,San Juan,2018,46,1,5,>= a 75,120
28,CAPITAL,14,Misiones,2018,37,1,3,15 a 19,69
28,CAPITAL,14,Misiones,2018,37,1,5,65 a 74,98
21,BARILOCHE,16,Rio Negro,2018,36,1,1,6 a 11 m,55
35,GENERAL PEDERNERA,19,San Luis,2018,30,1,2,2 a 4,171
35,GENERAL PEDERNERA,19,San Luis,2018,30,1,4,45 a 64,232
35,GENERAL PEDERNERA,19,San Luis,2018,30,2,1,< 6 m,448
133,QUITILIPI,4,Chaco,2018,23,1,1,6 a 11 m,305
133,QUITILIPI,4,Chaco,2018,23,1,2,2 a 4,462
133,QUITILIPI,4,Chaco,2018,23,1,3,20 a 24,93
77,MINAS,15,Neuquen,2018,38,1,3,15 a 19,29
77,MINAS,15,Neuquen,2018,38,1,5,65 a 74,127
14,USHUAIA,23,Tierra del Fuego,2018,46,3,4,35 a 44,129
21,DR. MANUEL BELGRANO,10,Jujuy,2018,45,2,1,6 a 11 m,1006
21,DR. MANUEL BELGRANO,10,Jujuy,2018,34,1,1,12 a 23 m,65
105,SAN RAFAEL,13,Mendoza,2018,26,1,3,15 a 19,71
49,CAPITAL,3,Catamarca,2018,44,3,3,15 a 19,544
49,CAPITAL,3,Catamarca,2018,44,3,5,65 a 74,134
7,ANTA,17,Salta,2018,26,3,1,12 a 23 m,428
14,EL CARMEN,10,Jujuy,2018,26,3,1,< 6 m,820
14,DESEADO,20,Santa Cruz,2018,35,3,5,65 a 74,38
140,SAN FERNANDO,4,Chaco,2018,26,1,5,65 a 74,76
42,CHILECITO,12,La Rioja,2018,26,3,1,6 a 11 m,355
21,CAPITAL,7,Corrientes,2018,37,1,3,15 a 19,41
21,GUER AIKE,20,Santa Cruz,2018,25,3,1,< 6 m,69
21,GUER AIKE,20,Santa Cruz,2018,25,3,2,5 a 9,154
21,GUER AIKE,20,Santa Cruz,2018,25,3,4,45 a 64,205
21,GUER AIKE,20,Santa Cruz,2018,25,1,5,65 a 74,51
35,CONFLUENCIA,15,Neuquen,2018,38,3,1,12 a 23 m,79
77,RAWSON,5,Chubut,2018,36,1,1,6 a 11 m,33
84,CAPITAL,24,Tucuman,2018,46,1,2,2 a 4,112
14,EL CARMEN,10,Jujuy,2018,24,3,3,20 a 24,879
7,ANTA,17,Salta,2018,26,1,5,65 a 74,259
14,USHUAIA,23,Tierra del Fuego,2018,26,3,3,15 a 19,38
63,LA CAPITAL,21,Santa Fe,2018,44,1,2,2 a 4,203
77,RAWSON,18,San Juan,2018,45,3,1,12 a 23 m,174
21,CHICLIGASTA,24,Tucuman,2018,26,1,1,< 6 m,42
63,SAN PEDRO,10,Jujuy,2018,35,1,3,15 a 19,20
63,SAN PEDRO,10,Jujuy,2018,35,1,4,35 a 44,146
14,FORMOSA,9,Formosa,2018,36,3,1,6 a 11 m,2839
14,FORMOSA,9,Formosa,2018,36,3,2,2 a 4,6043
14,FORMOSA,9,Formosa,2018,36,3,3,15 a 19,717
14,FORMOSA,9,Formosa,2018,36,3,4,25 a 34,1426
14,FORMOSA,9,Formosa,2018,36,3,5,65 a 74,240
105,PICUNCHES,15,Neuquen,2018,37,1,4,35 a 44,169
28,CAPITAL,17,Salta,2018,35,1,3,20 a 24,83
84,PARANA,8,Entre Rios,2018,31,1,5,65 a 74,155
49,PILCOMAYO,9,Formosa,2018,23,1,3,15 a 19,35
49,PILCOMAYO,9,Formosa,2018,23,1,4,45 a 64,110
21,DR. MANUEL BELGRANO,10,Jujuy,2018,36,1,5,>= a 75,81
77,GENERAL TABOADA,22,Santiago del Estero,2018,22,1,3,15 a 19,27
77,GENERAL TABOADA,22,Santiago del Estero,2018,22,1,4,35 a 44,79
84,CAPITAL,24,Tucuman,2018,26,1,3,20 a 24,35
35,CURUZU CUATIA,7,Corrientes,2018,46,1,2,5 a 9,101
14,FORMOSA,9,Formosa,2018,36,2,1,< 6 m,1142
105,SAN JERONIMO,21,Santa Fe,2018,33,1,1,12 a 23 m,124
21,CALINGASTA,18,San Juan,2018,30,3,5,>= a 75,144
28,CATRILO,11,La Pampa,2018,37,1,3,15 a 19,18
28,CATRILO,11,La Pampa,2018,37,1,4,25 a 34,132
7,APOSTOLES,14,Misiones,2018,23,1,1,< 6 m,101
49,CAPITAL,3,Catamarca,2018,43,2,1,< 6 m,221
28,CONSTITUCION,21,Santa Fe,2018,46,1,5,65 a 74,57
42,PALPALA,10,Jujuy,2018,24,3,5,65 a 74,266
21,CAPITAL,11,La Pampa,2018,37,1,5,65 a 74,66
35,LAGO BUENOS AIRES,20,Santa Cruz,2018,38,2,1,< 6 m,244
4,COMUNA 4,2,CABA,2018,46,3,1,12 a 23 m,317
35,BANDA,22,Santiago del Estero,2018,25,1,5,>= a 75,25
56,LA CAPITAL,19,San Luis,2018,45,3,2,2 a 4,357
56,LA CAPITAL,19,San Luis,2018,45,1,5,65 a 74,159
70,LEANDRO N. ALEM,14,Misiones,2018,37,1,2,10 a 14,152
84,ITUZAINGO,7,Corrientes,2018,36,1,5,>= a 75,59
105,TINOGASTA,3,Catamarca,2018,38,1,2,2 a 4,51
42,CHILECITO,12,La Rioja,2018,38,1,3,20 a 24,18
0,CIUDAD DE BUENOS AIRES,2,CABA,2018,36,1,5,65 a 74,254
112,ROSARIO VERA PENALOZA,12,La Rioja,2018,36,1,1,12 a 23 m,100
56,LA CAPITAL,19,San Luis,2018,39,3,3,15 a 19,238
56,LA CAPITAL,19,San Luis,2018,39,3,5,65 a 74,83
56,LA CAPITAL,19,San Luis,2018,39,1,3,15 a 19,36
7,RIO GRANDE,23,Tierra del Fuego,2018,46,3,5,>= a 75,6
49,PILCOMAYO,9,Formosa,2018,24,1,5,65 a 74,57
35,GENERAL PEDERNERA,19,San Luis,2018,38,1,1,6 a 11 m,50
63,SAN PEDRO,10,Jujuy,2018,24,1,2,5 a 9,100
56,LA CAPITAL,19,San Luis,2018,25,3,1,6 a 11 m,44
35,CHAMICAL,12,La Rioja,2018,37,1,2,5 a 9,167
7,RIO GRANDE,23,Tierra del Fuego,2018,25,3,1,12 a 23 m,11
7,RIO GRANDE,23,Tierra del Fuego,2018,25,1,1,< 6 m,13
42,CAPAYAN,3,Catamarca,2018,34,1,4,45 a 64,103
21,CAPITAL,7,Corrientes,2018,38,1,1,< 6 m,56
49,CAPITAL,3,Catamarca,2018,46,1,3,15 a 19,20
49,CAPITAL,3,Catamarca,2018,46,1,5,>= a 75,32
14,USHUAIA,23,Tierra del Fuego,2018,47,1,5,65 a 74,16
7,RIO GRANDE,23,Tierra del Fuego,2018,23,1,3,15 a 19,13
49,CAPITAL,3,Catamarca,2018,38,1,1,< 6 m,49
126,1? DE MAYO,4,Chaco,2019,1,3,3,20 a 24,122
35,CAUCETE,18,San Juan,2019,1,2,1,< 6 m,99
14,CAPITAL,6,Cordoba,2019,1,1,2,10 a 14,32
203,CORONEL SUAREZ,1,Buenos Aires,2019,1,3,1,12 a 23 m,342
203,CORONEL SUAREZ,1,Buenos Aires,2019,1,3,2,2 a 4,651
84,PARANA,8,Entre Rios,2019,1,3,2,5 a 9,143
84,PARANA,8,Entre Rios,2019,1,1,1,6 a 11 m,7
84,PARANA,8,Entre Rios,2019,1,1,2,5 a 9,14
84,PARANA,8,Entre Rios,2019,1,2,1,< 6 m,97
42,GENERAL ROCA,16,Rio Negro,2019,1,3,1,12 a 23 m,27
42,GENERAL ROCA,16,Rio Negro,2019,1,3,2,2 a 4,74
42,GENERAL ROCA,16,Rio Negro,2019,1,3,3,20 a 24,53
42,GENERAL ROCA,16,Rio Negro,2019,1,3,4,25 a 34,74
42,JUAN BAUTISTA ALBERDI,24,Tucuman,2019,1,3,1,12 a 23 m,46
42,JUAN BAUTISTA ALBERDI,24,Tucuman,2019,1,3,2,2 a 4,60
42,JUAN BAUTISTA ALBERDI,24,Tucuman,2019,1,3,3,15 a 19,41
42,JUAN BAUTISTA ALBERDI,24,Tucuman,2019,1,3,4,25 a 34,57
42,JUAN BAUTISTA ALBERDI,24,Tucuman,2019,1,2,1,6 a 11 m,216
147,CARLOS CASARES,1,Buenos Aires,2019,1,3,3,20 a 24,216
147,CARLOS CASARES,1,Buenos Aires,2019,1,3,4,35 a 44,414
147,CARLOS CASARES,1,Buenos Aires,2019,1,3,5,65 a 74,102
147,CARLOS CASARES,1,Buenos Aires,2019,1,1,4,45 a 64,101
112,ZAPALA,15,Neuquen,2019,1,1,4,25 a 34,19
140,SAN JUSTO,6,Cordoba,2019,1,1,4,45 a 64,87
140,SAN JUSTO,6,Cordoba,2019,1,2,1,12 a 23 m,47
70,MAIPU,13,Mendoza,2019,1,1,1,12 a 23 m,45
70,MAIPU,13,Mendoza,2019,1,2,1,12 a 23 m,141
15,CONCORDIA,8,Entre Rios,2019,1,1,4,35 a 44,34
15,CONCORDIA,8,Entre Rios,2019,1,1,5,65 a 74,22
42,GENERAL ROCA,16,Rio Negro,2019,1,3,5,>= a 75,9
42,GENERAL ROCA,16,Rio Negro,2019,1,2,1,6 a 11 m,32
91,SARMIENTO,5,Chubut,2019,1,3,3,15 a 19,9
91,SARMIENTO,5,Chubut,2019,1,3,4,35 a 44,27
91,SARMIENTO,5,Chubut,2019,1,2,1,12 a 23 m,20
14,EL CARMEN,10,Jujuy,2019,1,3,2,10 a 14,174
14,EL CARMEN,10,Jujuy,2019,1,3,4,45 a 64,232
49,CAPITAL,22,Santiago del Estero,2019,1,3,1,12 a 23 m,14
49,CAPITAL,22,Santiago del Estero,2019,1,3,2,2 a 4,25
56,GUALEGUAYCHU,8,Entre Rios,2019,1,3,1,12 a 23 m,68
28,CAPITAL,14,Misiones,2019,1,3,3,15 a 19,76
28,CAPITAL,14,Misiones,2019,1,3,4,25 a 34,149
28,CAPITAL,14,Misiones,2019,1,3,5,65 a 74,7
56,LA CAPITAL,19,San Luis,2019,1,3,4,45 a 64,43
56,LA CAPITAL,19,San Luis,2019,1,3,5,>= a 75,5
56,LA CAPITAL,19,San Luis,2019,1,1,2,5 a 9,18
56,LA CAPITAL,19,San Luis,2019,1,1,3,15 a 19,3
56,LA CAPITAL,19,San Luis,2019,1,1,4,35 a 44,40
56,LA CAPITAL,19,San Luis,2019,1,1,5,65 a 74,20
371,GENERAL SAN MARTIN,1,Buenos Aires,2019,1,1,1,12 a 23 m,38
371,GENERAL SAN MARTIN,1,Buenos Aires,2019,1,1,2,5 a 9,67
371,GENERAL SAN MARTIN,1,Buenos Aires,2019,1,2,1,< 6 m,514
42,CHILECITO,12,La Rioja,2019,1,3,2,2 a 4,126
42,CHILECITO,12,La Rioja,2019,1,1,2,5 a 9,20
56,LA CAPITAL,19,San Luis,2019,1,2,1,6 a 11 m,51
63,SAN PEDRO,10,Jujuy,2019,1,1,4,45 a 64,6
49,PILCOMAYO,9,Formosa,2018,50,1,1,< 6 m,143
42,GENERAL SAN MARTIN,6,Cordoba,2019,1,3,1,< 6 m,68
42,GENERAL SAN MARTIN,6,Cordoba,2019,1,3,2,2 a 4,141
42,GENERAL SAN MARTIN,6,Cordoba,2019,1,3,3,15 a 19,77
42,GENERAL SAN MARTIN,6,Cordoba,2019,1,3,4,25 a 34,183
42,CHILECITO,12,La Rioja,2019,1,3,1,12 a 23 m,32
42,CHILECITO,12,La Rioja,2019,1,3,3,20 a 24,39
42,CHILECITO,12,La Rioja,2019,1,3,4,25 a 34,53
42,CHILECITO,12,La Rioja,2019,1,3,5,65 a 74,4
140,SAN FERNANDO,4,Chaco,2019,1,3,2,5 a 9,156
98,PICUN LEUFU,15,Neuquen,2019,1,3,3,15 a 19,26
98,PICUN LEUFU,15,Neuquen,2019,1,3,4,35 a 44,63
84,CAPITAL,24,Tucuman,2019,1,1,5,>= a 75,5
28,CAPITAL,17,Salta,2019,1,3,5,65 a 74,11
28,CAPITAL,17,Salta,2019,1,1,2,2 a 4,7
28,CAPITAL,17,Salta,2019,1,1,4,45 a 64,23
28,CAPITAL,17,Salta,2019,1,1,5,65 a 74,14
28,CAPITAL,17,Salta,2019,1,2,1,< 6 m,139
126,ORAN,17,Salta,2019,1,1,1,6 a 11 m,12
14,ANELO,15,Neuquen,2019,1,1,5,>= a 75,9
98,SAN MARTIN,13,Mendoza,2019,1,3,3,20 a 24,17
98,SAN MARTIN,13,Mendoza,2019,1,3,4,25 a 34,44
56,LA CAPITAL,19,San Luis,2019,1,3,2,5 a 9,28
28,CAPITAL,18,San Juan,2019,1,1,3,15 a 19,2
28,CAPITAL,18,San Juan,2019,1,1,4,45 a 64,6
147,SAN LORENZO,4,Chaco,2019,1,3,1,6 a 11 m,84
147,SAN LORENZO,4,Chaco,2019,1,3,4,25 a 34,164
21,ESCALANTE,5,Chubut,2019,1,3,5,65 a 74,7
98,SAN MARTIN,13,Mendoza,2019,1,1,2,2 a 4,120
14,FORMOSA,9,Formosa,2019,1,1,3,15 a 19,3
14,FORMOSA,9,Formosa,2019,1,1,4,25 a 34,9
14,FORMOSA,9,Formosa,2018,42,1,2,2 a 4,229
14,CAPITAL,6,Cordoba,2019,1,1,3,15 a 19,8
98,SAN MARTIN,13,Mendoza,2019,1,1,3,15 a 19,6
98,SAN MARTIN,13,Mendoza,2019,1,1,4,25 a 34,33
49,GENERAL BELGRANO,4,Chaco,2019,1,2,1,< 6 m,262
84,CAPITAL,24,Tucuman,2019,1,1,4,45 a 64,14
63,LONCOPUE,15,Neuquen,2019,1,3,2,2 a 4,22
70,LOS LAGOS,15,Neuquen,2019,1,3,5,>= a 75,8
778,SAN VICENTE,1,Buenos Aires,2019,1,1,3,20 a 24,15
778,SAN VICENTE,1,Buenos Aires,2019,1,1,5,65 a 74,65
35,GENERAL PEDERNERA,19,San Luis,2019,1,1,1,12 a 23 m,6
35,CONFLUENCIA,15,Neuquen,2019,1,2,1,< 6 m,25
42,GENERAL ROCA,16,Rio Negro,2019,1,1,4,35 a 44,11
112,SAN JUSTO,21,Santa Fe,2019,1,3,2,2 a 4,28
112,SAN JUSTO,21,Santa Fe,2019,1,3,5,65 a 74,3
14,EL CARMEN,10,Jujuy,2019,1,3,1,6 a 11 m,64
70,SANTA BARBARA,10,Jujuy,2019,1,3,5,65 a 74,31
112,SAN JUSTO,21,Santa Fe,2019,1,1,2,5 a 9,62
84,CAPITAL,24,Tucuman,2019,2,1,2,2 a 4,17
14,BERON DE ASTRADA,7,Corrientes,2019,2,3,2,2 a 4,127
14,BERON DE ASTRADA,7,Corrientes,2019,2,3,3,20 a 24,51
14,BERON DE ASTRADA,7,Corrientes,2019,2,3,4,35 a 44,67
28,HUMAHUACA,10,Jujuy,2019,2,3,3,15 a 19,89
98,SAN MARTIN,13,Mendoza,2019,2,1,5,65 a 74,11
7,COMUNA 7,2,CABA,2019,2,3,1,6 a 11 m,16
7,COMUNA 7,2,CABA,2019,2,3,3,15 a 19,19
7,COMUNA 7,2,CABA,2019,2,3,4,25 a 34,36
14,COMUNA 14,2,CABA,2019,1,1,5,65 a 74,19
14,USHUAIA,23,Tierra del Fuego,2019,2,1,4,45 a 64,8
14,USHUAIA,23,Tierra del Fuego,2019,2,1,5,65 a 74,5
14,USHUAIA,23,Tierra del Fuego,2019,2,2,1,12 a 23 m,10
49,CAPITAL,22,Santiago del Estero,2019,2,2,1,6 a 11 m,92
42,CHILECITO,12,La Rioja,2019,1,2,1,< 6 m,71
56,JACHAL,18,San Juan,2019,1,3,2,2 a 4,21
56,JACHAL,18,San Juan,2019,1,3,3,15 a 19,7
56,JACHAL,18,San Juan,2019,1,3,4,35 a 44,11
84,CAPITAL,24,Tucuman,2019,2,3,5,65 a 74,7
35,CURUZU CUATIA,7,Corrientes,2019,2,1,2,2 a 4,2
42,GENERAL SAN MARTIN,6,Cordoba,2019,2,3,5,65 a 74,20
7,APOSTOLES,14,Misiones,2019,1,3,1,12 a 23 m,84
7,APOSTOLES,14,Misiones,2019,1,3,2,2 a 4,94
7,APOSTOLES,14,Misiones,2019,1,2,1,6 a 11 m,25
4,COMUNA 4,2,CABA,2019,2,2,1,< 6 m,110
21,CAPITAL,7,Corrientes,2019,2,1,5,>= a 75,5
113,VILLAGUAY,8,Entre Rios,2019,11,3,3,15 a 19,73
63,IGUAZU,14,Misiones,2019,1,1,1,12 a 23 m,3
140,SAN FERNANDO,4,Chaco,2019,1,3,5,65 a 74,29
63,IGUAZU,14,Misiones,2019,1,1,4,45 a 64,10
35,CURUZU CUATIA,7,Corrientes,2019,2,3,1,6 a 11 m,50
56,LACAR,15,Neuquen,2019,2,3,1,6 a 11 m,3
56,LACAR,15,Neuquen,2019,2,1,2,2 a 4,7
4,COMUNA 4,2,CABA,2019,2,1,2,2 a 4,20
77,PACLIN,3,Catamarca,2019,2,1,2,5 a 9,6
84,POMAN,3,Catamarca,2019,2,3,1,12 a 23 m,197
84,POMAN,3,Catamarca,2019,2,3,2,2 a 4,400
49,CAPITAL,3,Catamarca,2019,1,3,3,15 a 19,41
49,CAPITAL,3,Catamarca,2019,1,3,4,35 a 44,80
70,POCITO,18,San Juan,2019,1,3,1,12 a 23 m,2
49,CHALILEO,11,La Pampa,2019,2,1,4,45 a 64,11
35,CURUZU CUATIA,7,Corrientes,2019,1,1,3,15 a 19,1
28,CAPITAL,17,Salta,2019,1,3,2,5 a 9,54
28,CAPITAL,17,Salta,2019,1,3,3,20 a 24,34
161,ROBLES,22,Santiago del Estero,2019,2,3,3,20 a 24,27
161,ROBLES,22,Santiago del Estero,2019,2,3,4,45 a 64,42
28,CAPITAL,18,San Juan,2019,2,1,2,2 a 4,13
28,CAPITAL,18,San Juan,2019,2,1,5,65 a 74,3
35,LEDESMA,10,Jujuy,2019,1,2,1,< 6 m,280
84,PARANA,8,Entre Rios,2019,2,3,4,25 a 34,80
84,ROSARIO,21,Santa Fe,2019,2,1,1,6 a 11 m,33
70,MAIPU,13,Mendoza,2019,1,3,1,6 a 11 m,11
70,MAIPU,13,Mendoza,2019,1,3,2,2 a 4,45
70,MAIPU,13,Mendoza,2019,1,3,5,65 a 74,4
14,EL CARMEN,10,Jujuy,2019,1,1,1,< 6 m,7
35,CONFLUENCIA,15,Neuquen,2019,1,1,3,15 a 19,1
88,SAN SALVADOR,8,Entre Rios,2019,2,3,5,65 a 74,15
84,CAPITAL,24,Tucuman,2019,2,1,1,12 a 23 m,15
91,MAIPU,4,Chaco,2019,2,1,1,6 a 11 m,22
91,MAIPU,4,Chaco,2019,2,1,2,2 a 4,33
91,MAIPU,4,Chaco,2019,2,1,4,25 a 34,21
7,AYACUCHO,19,San Luis,2019,2,3,1,6 a 11 m,6
7,AYACUCHO,19,San Luis,2019,2,3,3,15 a 19,20
140,SAN FERNANDO,4,Chaco,2019,1,1,5,65 a 74,3
42,JUAN BAUTISTA ALBERDI,24,Tucuman,2019,2,1,3,20 a 24,7
77,RAWSON,5,Chubut,2019,2,1,4,45 a 64,3
77,RAWSON,5,Chubut,2019,2,1,5,65 a 74,7
56,JACHAL,18,San Juan,2019,2,3,5,>= a 75,2
113,VILLAGUAY,8,Entre Rios,2019,1,1,3,15 a 19,1
21,DR. MANUEL BELGRANO,10,Jujuy,2019,3,1,2,2 a 4,18
70,SANTA BARBARA,10,Jujuy,2019,3,1,3,15 a 19,3
70,SANTA BARBARA,10,Jujuy,2019,3,1,5,65 a 74,5
7,RIO GRANDE,23,Tierra del Fuego,2019,4,3,1,12 a 23 m,3
7,RIO GRANDE,23,Tierra del Fuego,2019,4,3,2,2 a 4,36
7,RIO GRANDE,23,Tierra del Fuego,2019,4,3,4,35 a 44,8
7,RIO GRANDE,23,Tierra del Fuego,2019,4,1,1,6 a 11 m,2
7,RIO GRANDE,23,Tierra del Fuego,2019,4,1,2,2 a 4,9
28,CAPITAL,17,Salta,2019,3,1,3,15 a 19,2
84,ROSARIO,21,Santa Fe,2019,5,1,4,45 a 64,83
21,GUER AIKE,20,Santa Cruz,2019,4,3,3,15 a 19,1
21,GUER AIKE,20,Santa Cruz,2019,4,3,4,45 a 64,4
84,ITUZAINGO,7,Corrientes,2019,4,1,1,12 a 23 m,5
2,COMUNA 2,2,CABA,2019,2,3,2,2 a 4,86
2,COMUNA 2,2,CABA,2019,2,1,1,< 6 m,7
21,GUER AIKE,20,Santa Cruz,2019,4,3,5,65 a 74,5
21,GUER AIKE,20,Santa Cruz,2019,4,1,2,2 a 4,11
21,GUER AIKE,20,Santa Cruz,2019,4,1,4,25 a 34,15
21,GUER AIKE,20,Santa Cruz,2019,4,1,5,65 a 74,8
21,GUER AIKE,20,Santa Cruz,2019,4,2,1,< 6 m,15
119,RIO SEGUNDO,6,Cordoba,2019,5,1,1,6 a 11 m,6
140,TOAY,11,La Pampa,2019,4,2,1,12 a 23 m,21
14,CAPITAL,12,La Rioja,2019,5,1,3,15 a 19,3
14,CAPITAL,12,La Rioja,2019,5,1,4,25 a 34,6
42,GENERAL ROCA,16,Rio Negro,2019,4,1,2,5 a 9,5
147,SAN MARTIN,7,Corrientes,2019,5,3,5,>= a 75,6
14,CAPITAL,12,La Rioja,2019,5,1,1,6 a 11 m,4
84,ITUZAINGO,7,Corrientes,2019,5,1,4,45 a 64,5
112,VALLE VIEJO,3,Catamarca,2019,2,1,4,35 a 44,11
105,MARACO,11,La Pampa,2019,1,1,5,65 a 74,5
49,CAPITAL,3,Catamarca,2019,2,1,1,< 6 m,11
49,CAPITAL,3,Catamarca,2019,2,2,1,< 6 m,35
63,LA CAPITAL,21,Santa Fe,2019,4,1,3,15 a 19,19
42,PILAGAS,9,Formosa,2019,2,3,2,2 a 4,99
42,PILAGAS,9,Formosa,2019,2,3,3,15 a 19,25
42,PILAGAS,9,Formosa,2019,2,3,4,25 a 34,62
42,PILAGAS,9,Formosa,2019,2,3,5,65 a 74,8
42,PILAGAS,9,Formosa,2019,3,3,1,< 6 m,61
42,PILAGAS,9,Formosa,2019,3,1,2,5 a 9,6
21,CAPITAL,11,La Pampa,2019,4,3,3,20 a 24,11
21,CAPITAL,11,La Pampa,2019,4,3,4,35 a 44,18
35,PATINO,9,Formosa,2019,4,2,1,6 a 11 m,8
147,SAN MARTIN,7,Corrientes,2019,1,2,1,12 a 23 m,9
21,CAPITAL,11,La Pampa,2019,5,1,2,2 a 4,5
84,ROSARIO,21,Santa Fe,2019,4,2,1,12 a 23 m,30
21,GUER AIKE,20,Santa Cruz,2019,3,1,1,12 a 23 m,2
28,CAPITAL,17,Salta,2019,4,3,4,35 a 44,63
28,CAPITAL,14,Misiones,2019,5,1,3,15 a 19,3
28,CAPITAL,14,Misiones,2019,5,1,5,>= a 75,2
7,AMBATO,3,Catamarca,2019,1,3,5,>= a 75,6
7,RIO GRANDE,23,Tierra del Fuego,2019,5,3,3,20 a 24,3
7,RIO GRANDE,23,Tierra del Fuego,2019,5,3,5,65 a 74,1
112,VALLE VIEJO,3,Catamarca,2019,4,1,5,65 a 74,5
63,LA CAPITAL,21,Santa Fe,2019,3,3,4,45 a 64,26
21,GUER AIKE,20,Santa Cruz,2019,2,3,2,2 a 4,1
21,GUER AIKE,20,Santa Cruz,2019,2,1,3,15 a 19,1
140,TOAY,11,La Pampa,2019,5,3,2,5 a 9,10
147,SANTA MARIA,6,Cordoba,2019,5,1,5,65 a 74,17
56,GRL. JOSE DE SAN MARTIN,17,Salta,2019,4,3,1,< 6 m,36
77,SAN ANTONIO,16,Rio Negro,2019,5,1,5,>= a 75,3
42,GAIMAN,5,Chubut,2019,3,3,2,5 a 9,9
7,BIEDMA,5,Chubut,2019,7,1,2,2 a 4,2
84,ROSARIO,21,Santa Fe,2019,7,1,5,65 a 74,20
35,BANDA,22,Santiago del Estero,2019,10,1,4,25 a 34,1
63,IGUAZU,14,Misiones,2019,12,1,2,5 a 9,2
84,ROSARIO,21,Santa Fe,2019,3,3,1,6 a 11 m,30
84,ROSARIO,21,Santa Fe,2019,3,3,3,20 a 24,15
35,BANDA,22,Santiago del Estero,2019,11,1,2,2 a 4,5
35,BANDA,22,Santiago del Estero,2019,11,1,3,20 a 24,1
98,MAYOR LUIS J. FONTANA,4,Chaco,2019,6,1,3,15 a 19,7
49,PILCOMAYO,9,Formosa,2019,12,1,1,< 6 m,1
91,25 DE MAYO,16,Rio Negro,2019,13,1,3,20 a 24,1
12,COMUNA 12,2,CABA,2019,13,3,5,65 a 74,8
5,COMUNA 5,2,CABA,2019,12,1,3,20 a 24,2
5,COMUNA 5,2,CABA,2019,12,1,4,25 a 34,11
126,OJO DE AGUA,22,Santiago del Estero,2019,4,1,5,>= a 75,4
77,RAWSON,5,Chubut,2019,13,1,1,12 a 23 m,2
14,AVELLANEDA,16,Rio Negro,2019,13,1,1,12 a 23 m,1
21,CAPITAL,11,La Pampa,2019,13,3,5,65 a 74,1
21,CAPITAL,11,La Pampa,2019,13,1,3,15 a 19,1
14,USHUAIA,23,Tierra del Fuego,2019,9,1,3,15 a 19,3
49,HUILICHES,15,Neuquen,2019,13,1,1,12 a 23 m,1
